/*
    Author: Vincent Uche Ohiri
*/


/*
    This file creates record insertion for all the tables created.
*/


-- Insert 200 records into the tblPatient table
INSERT INTO tblPatient ( 
    Forename, 
    Surname, 
    DateOfBirth, 
    Gender, 
    Postcode
) VALUES
    ('Vincent', 'Doe', '1980-01-15', 'Male', 'SK2 1AA'),
    ('Jane', 'Smith', '1992-07-20', 'Female', 'SW1 2BB'),
    ('Michael', 'Johnson', '1985-03-10', 'Male', 'SW3 3CC'),
    ('Kamsiyochukwu', 'Brown', '1978-12-05', 'Female', 'SE2 4DD'),
    ('Matthew', 'Davis', '1990-05-25', 'Male', 'N7 5EE'),
    ('Olivia', 'Wilson', '1982-10-14', 'Female', 'W3 6FF'),
    ('Daniel', 'Taylor', '1995-02-22', 'Male', 'SK2 7GG'),
    ('Sophia', 'Anderson', '1987-09-08', 'Female', 'SW1 8HH'),
    ('Chidubem', 'Thomas', '1975-11-30', 'Male', 'SW3 9II'),
    ('Emma', 'Moore', '1993-06-18', 'Female', 'SE2 1JJ'),
    ('William', 'Jackson', '1981-07-05', 'Male', 'N7 2KK'),
    ('Ava', 'Martin', '1994-11-27', 'Female', 'W3 3LL'),
    ('James', 'Lee', '1988-04-19', 'Male', 'SK2 4MM'),
    ('Patience', 'Perez', '1991-12-14', 'Female', 'SW1 5NN'),
    ('Benjamin', 'Thompson', '1989-08-09', 'Male', 'SW3 6OO'),
    ('Mia', 'White', '1984-01-23', 'Female', 'SE2 7PP'),
    ('Jacob', 'Harris', '1977-03-31', 'Male', 'N7 8QQ'),
    ('Amelia', 'Sanchez', '1996-02-17', 'Female', 'W3 9RR'),
    ('Elijah', 'Clark', '1983-05-29', 'Male', 'SK2 1SS'),
    ('Charlotte', 'Ramirez', '1990-09-16', 'Female', 'SW1 2TT'),
    ('Alexander', 'Lewis', '1986-12-21', 'Male', 'SW3 3UU'),
    ('Harper', 'Robinson', '1995-11-11', 'Female', 'SE2 4VV'),
    ('Mason', 'Walker', '1987-06-01', 'Male', 'N7 5WW'),
    ('Evelyn', 'Young', '1992-08-20', 'Female', 'W3 6XX'),
    ('Logan', 'King', '1979-04-25', 'Male', 'SK2 7YY'),
    ('Abigail', 'Wright', '1991-03-15', 'Female', 'SW1 8ZZ'),
    ('Lucas', 'Lopez', '1982-07-13', 'Male', 'SW3 9AA'),
    ('Avery', 'Hill', '1994-12-19', 'Female', 'SE2 1BB'),
    ('Henry', 'Scott', '1985-10-30', 'Male', 'N7 2CC'),
    ('Ella', 'Green', '1978-02-28', 'Female', 'W3 3DD'),
    ('Sebastian', 'Adams', '1993-05-05', 'Male', 'SK2 4EE'),
    ('Sofia', 'Baker', '1981-08-22', 'Female', 'SW1 5FF'),
    ('Jack', 'Gonzalez', '1986-09-18', 'Male', 'SW3 6GG'),
    ('Aria', 'Nelson', '1990-11-03', 'Female', 'SE2 7HH'),
    ('Aiden', 'Carter', '1996-01-12', 'Male', 'N7 8II'),
    ('Chloe', 'Mitchell', '1983-10-07', 'Female', 'W3 9JJ'),
    ('Samuel', 'Perez', '1988-02-15', 'Male', 'SK2 1KK'),
    ('Layla', 'Roberts', '1979-12-02', 'Female', 'SW1 2LL'),
    ('David', 'Turner', '1992-06-21', 'Male', 'SW3 3MM'),
    ('Mila', 'Phillips', '1984-09-27', 'Female', 'SE2 4NN'),
    ('Joseph', 'Campbell', '1985-03-19', 'Male', 'N7 5OO'),
    ('Lily', 'Parker', '1993-10-11', 'Female', 'W3 6PP'),
    ('Owen', 'Evans', '1977-11-22', 'Male', 'SK2 7QQ'),
    ('Zoey', 'Edwards', '1994-04-30', 'Female', 'SW1 8RR'),
    ('Wyatt', 'Collins', '1989-07-26', 'Male', 'SW3 9SS'),
    ('Grace', 'Stewart', '1981-01-09', 'Female', 'SE2 1TT'),
    ('Gabriel', 'Sanchez', '1987-05-13', 'Male', 'N7 2UU'),
    ('Hannah', 'Morris', '1991-08-16', 'Female', 'W3 3VV'),
    ('Carter', 'Rogers', '1982-02-11', 'Male', 'SK2 4WW'),
    ('Victoria', 'Reed', '1990-03-22', 'Female', 'SW1 5XX'),
    ('John', 'Cook', '1986-06-10', 'Male', 'SW3 6YY'),
    ('Luna', 'Morgan', '1979-05-05', 'Female', 'SE2 7ZZ'),
    ('Dylan', 'Bell', '1994-07-17', 'Male', 'N7 8AA'),
    ('Zoe', 'Murphy', '1983-12-20', 'Female', 'W3 9BB'),
    ('Isaac', 'Bailey', '1991-10-27', 'Male', 'SK2 1CC'),
    ('Scarlett', 'Rivera', '1985-02-09', 'Female', 'SW1 2DD'),
    ('Anthony', 'Cooper', '1989-11-14', 'Male', 'SW3 3EE'),
    ('Lillian', 'Richardson', '1977-04-25', 'Female', 'SE2 4FF'),
    ('Luke', 'Cox', '1984-08-06', 'Male', 'N7 5GG'),
    ('Addison', 'Howard', '1993-01-30', 'Female', 'W3 6HH'),
    ('Nathan', 'Ward', '1986-03-18', 'Male', 'SK2 7II'),
    ('Eleanor', 'Torres', '1995-06-04', 'Female', 'SW1 8JJ'),
    ('Aaron', 'Peterson', '1981-12-11', 'Male', 'SW3 9KK'),
    ('Hazel', 'Gray', '1987-09-25', 'Female', 'SE2 1LL'),
    ('Cameron', 'Ramirez', '1990-04-13', 'Male', 'N7 2MM'),
    ('Riley', 'James', '1983-11-29', 'Female', 'W3 3NN'),
    ('Caleb', 'Watson', '1994-08-18', 'Male', 'SK2 4OO'),
    ('Nora', 'Brooks', '1988-07-07', 'Female', 'SW1 5PP'),
    ('Ryan', 'Kelly', '1976-05-22', 'Male', 'SW3 6QQ'),
    ('Penelope', 'Sanders', '1992-01-16', 'Female', 'SE2 7RR'),
    ('Hunter', 'Price', '1984-06-27', 'Male', 'N7 8SS'),
    ('Violet', 'Bennett', '1993-09-23', 'Female', 'W3 9TT'),
    ('Eli', 'Wood', '1978-03-03', 'Male', 'SK2 1UU'),
    ('Aurora', 'Barnes', '1995-11-09', 'Female', 'SW1 2VV'),
    ('Landon', 'Ross', '1985-01-12', 'Male', 'SW3 3WW'),
    ('Savannah', 'Henderson', '1991-05-30', 'Female', 'SE2 4XX'),
    ('Christian', 'Coleman', '1980-10-26', 'Male', 'N7 5YY'),
    ('Audrey', 'Jenkins', '1994-12-22', 'Female', 'W3 6ZZ'),
    ('Josiah', 'Perry', '1989-09-20', 'Male', 'SK2 7AA'),
    ('Brooklyn', 'Powell', '1977-08-15', 'Female', 'SW1 8BB'),
    ('Adrian', 'Long', '1982-11-11', 'Male', 'SW3 9CC'),
    ('Bella', 'Patterson', '1993-04-02', 'Female', 'SE2 1DD'),
    ('Jonathan', 'Hughes', '1995-02-05', 'Male', 'N7 2EE'),
    ('Lucy', 'Flores', '1984-06-29', 'Female', 'W3 3FF'),
    ('Easton', 'Washington', '1992-09-12', 'Male', 'SK2 4GG'),
    ('Aubrey', 'Butler', '1987-01-07', 'Female', 'SW1 5HH'),
    ('Isaiah', 'Simmons', '1979-04-04', 'Male', 'SW3 6II'),
    ('Paisley', 'Foster', '1990-10-17', 'Female', 'SE2 7JJ'),
    ('Christopher', 'Gonzales', '1986-11-30', 'Male', 'N7 8KK'),
    ('Stella', 'Bryant', '1991-07-06', 'Female', 'W3 9LL'),
    ('Jordan', 'Alexander', '1983-05-19', 'Male', 'SK2 1MM'),
    ('Nora', 'Russell', '1994-03-31', 'Female', 'SW1 2NN'),
    ('Thomas', 'Griffin', '1987-10-02', 'Male', 'SW3 3OO'),
    ('Maya', 'Diaz', '1990-02-21', 'Female', 'SE2 4PP'),
    ('Connor', 'Hayes', '1978-08-11', 'Male', 'N7 5QQ'),
    ('Skylar', 'Myers', '1995-06-14', 'Female', 'W3 6RR'),
    ('Jeremiah', 'Ford', '1982-03-01', 'Male', 'SK2 7SS'),
    ('Anna', 'Hamilton', '1984-10-24', 'Female', 'SW1 8TT'),
    ('Grayson', 'Graham', '1993-07-18', 'Male', 'SW3 9UU'),
    ('Caroline', 'Sullivan', '1979-12-03', 'Female', 'SE2 1VV'),
    ('Angel', 'Wallace', '1985-11-08', 'Male', 'N7 2WW'),
    ('Kennedy', 'Woods', '1994-05-22', 'Female', 'W3 3XX'),
    ('Lincoln', 'Cole', '1987-01-13', 'Male', 'SK2 4YY'),
    ('Samantha', 'West', '1992-08-23', 'Female', 'SW1 5ZZ'),
    ('Charles', 'Jordan', '1991-02-17', 'Male', 'SW3 6AA'),
    ('Mackenzie', 'Owens', '1986-09-14', 'Female', 'SE2 7BB'),
    ('Robert', 'Reynolds', '1984-11-29', 'Male', 'N7 8CC'),
    ('Hazel', 'Fisher', '1995-07-05', 'Female', 'W3 9DD'),
    ('Jameson', 'Ellis', '1978-06-26', 'Male', 'SK2 1EE'),
    ('Mila', 'Harrison', '1990-04-01', 'Female', 'SW1 2FF'),
    ('Asher', 'Gibson', '1989-12-18', 'Male', 'SW3 3GG'),
    ('Madelyn', 'Mcdonald', '1992-03-06', 'Female', 'SE2 4HH'),
    ('Julian', 'Cruz', '1981-05-15', 'Male', 'N7 5II'),
    ('Peyton', 'Marshall', '1994-12-30', 'Female', 'W3 6JJ'),
    ('Levi', 'Ortiz', '1982-09-05', 'Male', 'SK2 7KK'),
    ('Rylee', 'Gomez', '1977-11-22', 'Female', 'SW1 8LL'),
    ('David', 'Murray', '1990-02-13', 'Male', 'SW3 9MM'),
    ('Evelyn', 'Freeman', '1985-08-16', 'Female', 'SE2 1NN'),
    ('Mateo', 'Wells', '1987-07-21', 'Male', 'N7 2OO'),
    ('Layla', 'Webb', '1993-01-27', 'Female', 'W3 3PP'),
    ('Jayden', 'Simpson', '1979-03-29', 'Male', 'SK2 4QQ'),
    ('Eva', 'Stevens', '1983-06-15', 'Female', 'SW1 5RR'),
    ('Wyatt', 'Tucker', '1995-11-09', 'Male', 'SW3 6SS'),
    ('Sadie', 'Hunter', '1980-10-03', 'Female', 'SE2 7TT'),
    ('Isaac', 'Hicks', '1988-12-20', 'Male', 'N7 8UU'),
    ('Aurora', 'Crawford', '1992-05-18', 'Female', 'W3 9VV'),
    ('Aiden', 'Henry', '1984-09-12', 'Male', 'SK2 1WW'),
    ('Eleanor', 'Boyd', '1991-08-28', 'Female', 'SW1 2XX'),
    ('Carson', 'Mason', '1986-11-17', 'Male', 'SW3 3YY'),
    ('Hannah', 'Morales', '1982-01-08', 'Female', 'SE2 4ZZ'),
    ('Connor', 'Kennedy', '1993-07-13', 'Male', 'N7 5AA'),
    ('Sofia', 'Warren', '1978-02-10', 'Female', 'W3 6BB'),
    ('Luke', 'Dixon', '1990-12-04', 'Male', 'SK2 7CC'),
    ('Stella', 'Ramos', '1994-06-26', 'Female', 'SW1 8DD'),
    ('Jackson', 'Reyes', '1983-04-22', 'Male', 'SW3 9EE'),
    ('Violet', 'Burns', '1991-09-14', 'Female', 'SE2 1FF'),
    ('Caleb', 'Gordon', '1985-11-10', 'Male', 'N7 2GG'),
    ('Lily', 'Shaw', '1977-10-27', 'Female', 'W3 3HH'),
    ('Carter', 'Holmes', '1989-02-16', 'Male', 'SK2 4II'),
    ('Aubrey', 'Rice', '1992-03-25', 'Female', 'SW1 5JJ'),
    ('Anthony', 'Robertson', '1988-07-19', 'Male', 'SW3 6KK'),
    ('Paisley', 'Hunt', '1981-06-09', 'Female', 'SE2 7LL'),
    ('Mason', 'Black', '1987-12-07', 'Male', 'N7 8MM'),
    ('Isabella', 'Daniels', '1994-05-06', 'Female', 'W3 9NN'),
    ('Nathan', 'Palmer', '1986-02-11', 'Male', 'SK2 1OO'),
    ('Zoe', 'Mills', '1993-08-20', 'Female', 'SW1 2PP'),
    ('Eli', 'Nichols', '1978-04-14', 'Male', 'SW3 3QQ'),
    ('Nora', 'Grant', '1991-11-23', 'Female', 'SE2 4RR'),
    ('David', 'Knight', '1982-09-30', 'Male', 'N7 5SS'),
    ('Grace', 'Ferguson', '1984-12-21', 'Female', 'W3 6TT'),
    ('Gabriel', 'Stone', '1992-07-04', 'Male', 'SK2 7UU'),
    ('Lucy', 'Andrews', '1989-06-30', 'Female', 'SW1 8VV'),
    ('Alexander', 'Harper', '1983-01-17', 'Male', 'SW3 9WW'),
    ('Hazel', 'Dunn', '1990-03-26', 'Female', 'SE2 1XX'),
    ('Levi', 'Perkins', '1994-10-05', 'Male', 'N7 2YY'),
    ('Bella', 'Hudson', '1987-08-13', 'Female', 'W3 3ZZ'),
    ('Isaiah', 'Spencer', '1985-05-09', 'Male', 'SK2 4AA'),
    ('Savannah', 'Gardner', '1991-12-15', 'Female', 'SW1 5BB'),
    ('Christian', 'Stephens', '1976-06-16', 'Male', 'SW3 6CC'),
    ('Maya', 'Payne', '1982-11-24', 'Female', 'SE2 7DD'),
    ('Hunter', 'Pierce', '1984-10-28', 'Male', 'N7 8EE'),
    ('Aria', 'Berry', '1995-04-29', 'Female', 'W3 9FF'),
    ('Jayden', 'Matthews', '1981-07-02', 'Male', 'SK2 1GG'),
    ('Aubrey', 'Warren', '1990-02-08', 'Female', 'SW1 2HH'),
    ('Lincoln', 'Gomez', '1988-09-09', 'Male', 'SW3 3II'),
    ('Penelope', 'Myers', '1993-05-24', 'Female', 'SE2 4JJ'),
    ('Christopher', 'Ford', '1987-03-15', 'Male', 'N7 5KK'),
    ('Chloe', 'Hamilton', '1980-12-11', 'Female', 'W3 6LL'),
    ('Sebastian', 'Graham', '1984-07-07', 'Male', 'SK2 7MM'),
    ('Lillian', 'Sullivan', '1992-04-20', 'Female', 'SW1 8NN'),
    ('Henry', 'Wallace', '1991-01-14', 'Male', 'SW3 9OO'),
    ('Zoe', 'Woods', '1985-03-03', 'Female', 'SE2 1PP'),
    ('Daniel', 'Cole', '1978-10-15', 'Male', 'N7 2QQ'),
    ('Layla', 'West', '1993-12-30', 'Female', 'W3 3RR'),
    ('David', 'Jordan', '1989-04-17', 'Male', 'SK2 4SS'),
    ('Riley', 'Owens', '1982-08-05', 'Female', 'SW1 5TT'),
    ('Luke', 'Reynolds', '1994-02-01', 'Male', 'SW3 6UU'),
    ('Violet', 'Fisher', '1987-09-21', 'Female', 'SE2 7VV'),
    ('Gabriel', 'Ellis', '1981-11-02', 'Male', 'N7 8WW'),
    ('Luna', 'Harrison', '1992-06-12', 'Female', 'W3 9XX'),
    ('John', 'Gibson', '1986-08-24', 'Male', 'SK2 1YY'),
    ('Madelyn', 'Mcdonald', '1983-05-31', 'Female', 'SW1 2ZZ'),
    ('Robert', 'Cruz', '1995-01-28', 'Male', 'SW3 3AA'),
    ('Samantha', 'Marshall', '1989-10-22', 'Female', 'SE2 4BB'),
    ('Joseph', 'Ortiz', '1984-09-06', 'Male', 'N7 5CC'),
    ('Mackenzie', 'Gomez', '1990-07-16', 'Female', 'W3 6DD'),
    ('Christopher', 'Murray', '1987-03-30', 'Male', 'SK2 7EE'),
    ('Hazel', 'Freeman', '1977-12-28', 'Female', 'SW1 8FF'),
    ('Charles', 'Wells', '1991-04-04', 'Male', 'SW3 9GG'),
    ('Evelyn', 'Webb', '1988-06-11', 'Female', 'SE2 1HH'),
    ('Lucas', 'Simpson', '1986-04-11', 'Male', 'N7 2II'),
    ('Ella', 'Martinez', '1994-03-29', 'Female', 'W3 3JJ'),
    ('David', 'Clark', '1973-09-15', 'Male', 'SK2 4KK'),
    ('Grace', 'Rodriguez', '1988-02-18', 'Female', 'SW1 5LL'),
    ('James', 'Lewis', '1991-08-23', 'Male', 'SW3 6MM'),
    ('Chloe', 'Lee', '1995-05-10', 'Female', 'SE2 7NN'),
    ('Benjamin', 'Walker', '1984-07-07', 'Male', 'N7 8OO'),
    ('Ava', 'Hall', '1976-12-12', 'Female', 'W3 9PP'),
    ('Alexander', 'Allen', '1989-01-05', 'Male', 'SK2 1QQ'),
    ('Mia', 'Young', '1993-11-03', 'Female', 'SK2 1YY');

-------------------------Patient End Here---------------------------------------------

-- Insert 20 records into the tblSpecialty table
INSERT INTO tblSpecialty (
    SpecialtyCode, 
    SpecialtyName
) VALUES
    ('ONC', 'Oncology'),
    ('NEU', 'Neurology'),
    ('CAR', 'Cardiology'),
    ('GYN', 'Gynecology'),
    ('ORTH', 'Orthopedics'),
    ('DERM', 'Dermatology'),
    ('ENT', 'Ear, Nose, and Throat'),
    ('URO', 'Urology'),
    ('GAST', 'Gastroenterology'),
    ('PULM', 'Pulmonology'),
    ('RHEU', 'Rheumatology'),
    ('ENDO', 'Endocrinology'),
    ('INF', 'Infectious Diseases'),
    ('HEM', 'Hematology'),
    ('ALL', 'Allergy and Immunology'),
    ('ANES', 'Anesthesiology'),
    ('RAD', 'Radiology'),
    ('SUR', 'General Surgery'),
    ('PATH', 'Pathology'),
    ('OPHT', 'Ophthalmology');
-------------------------Specialty End Here---------------------------------------------

-- Insert 50 records into the tblWard table
INSERT INTO tblWard (
    WardCode, 
    WardName, 
    WardType
) VALUES
    ('W001', 'North Wing', 'General'),
    ('W002', 'South Wing', 'Surgical'),
    ('W003', 'East Wing', 'Pediatric'),
    ('W004', 'West Wing', 'Maternity'),
    ('W005', 'A1', 'ICU'),
    ('W006', 'B2', 'Cardiology'),
    ('W007', 'C3', 'Neurology'),
    ('W008', 'D4', 'Orthopedics'),
    ('W009', 'E5', 'Oncology'),
    ('W010', 'F6', 'Rehabilitation'),
    ('W011', 'G7', 'Endoscopy Suite'),
    ('W012', 'H8', 'Pulmonology'),
    ('W013', 'I9', 'Endoscopy Suite'),
    ('W014', 'J10', 'Dermatology'),
    ('W015', 'K11', 'Infectious Diseases'),
    ('W016', 'L12', 'Rheumatology'),
    ('W017', 'M13', 'Urology'),
    ('W018', 'N14', 'Ophthalmology'),
    ('W019', 'O15', 'Ear, Nose, and Throat'),
    ('W020', 'P16', 'Hematology'),
    ('W021', 'Q17', 'Allergy and Immunology'),
    ('W022', 'R18', 'Anesthesiology'),
    ('W023', 'S19', 'Radiology'),
    ('W024', 'T20', 'Pathology'),
    ('W025', 'U21', 'Day Surgery'),
    ('W026', 'V22', 'Observation'),
    ('W027', 'W23', 'Long-term Care'),
    ('W028', 'X24', 'Maternity'),
    ('W029', 'Y25', 'Psychiatric'),
    ('W030', 'Z26', 'Surgical'),
    ('W031', 'AA27', 'General'),
    ('W032', 'BB28', 'Pediatric'),
    ('W033', 'CC29', 'Maternity'),
    ('W034', 'DD30', 'ICU'),
    ('W035', 'EE31', 'Cardiology'),
    ('W036', 'FF32', 'Neurology'),
    ('W037', 'GG33', 'Orthopedics'),
    ('W038', 'HH34', 'Oncology'),
    ('W039', 'II35', 'Rehabilitation'),
    ('W040', 'JJ36', 'Endoscopy Suite'),
    ('W041', 'KK37', 'Pulmonology'),
    ('W042', 'LL38', 'Endoscopy Suite'),
    ('W043', 'MM39', 'Dermatology'),
    ('W044', 'NN40', 'Infectious Diseases'),
    ('W045', 'OO41', 'Rheumatology'),
    ('W046', 'PP42', 'Urology'),
    ('W047', 'QQ43', 'Ophthalmology'),
    ('W048', 'RR44', 'Ear, Nose, and Throat'),
    ('W049', 'SS45', 'Hematology'),
    ('W050', 'TT46', 'Allergy and Immunology');
-------------------------Ward End Here---------------------------------------------

-- Insert 12 records into the tblMethodOfAdmission table
INSERT INTO tblMethodOfAdmission (
    MethodOfAdmissionCode,  
    MethodOfAdmissionType
) VALUES
    ('ELEC', 'Elective'),
    ('EMER', 'Emergency'),
    ('IP', 'Inpatient'),
    ('OP', 'Outpatient'),
    ('SURG', 'Surgical'),
    ('MAT', 'Maternity'),
    ('PED', 'Pediatric'),
    ('PSY', 'Psychiatric'),
    ('REHAB', 'Rehabilitation'),
    ('GP', 'General Practioner'),
    ('OBS', 'Observation'),
    ('LTC', 'Long-term Care');
-------------------------MethodOfAdmission End Here---------------------------------------------

-- Insert 20 records into the tblGPPractice table
INSERT INTO tblGPPractice (
    GPPracticeCode, 
    PracticeName, 
    PracticePostcode
) VALUES
    ('GP001', 'HealthFirst Clinic', 'AB12 3CD'),
    ('GP002', 'Wellness Medical Center', 'BC23 4DE'),
    ('GP003', 'CityCare GP Practice', 'CD34 5EF'),
    ('GP004', 'Greenfield Health', 'DE45 6FG'),
    ('GP005', 'Pinewood Medical', 'EF56 7GH'),
    ('GP006', 'Riverdale Clinic', 'FG67 8HI'),
    ('GP007', 'UrbanCare Practice', 'GH78 9IJ'),
    ('GP008', 'BrightHealth Center', 'HI89 0JK'),
    ('GP009', 'Central GP Clinic', 'IJ90 1KL'),
    ('GP010', 'Northview Medical', 'JK01 2LM'),
    ('GP011', 'Southside Health', 'KL12 3NO'),
    ('GP012', 'Westfield Practice', 'LM23 4OP'),
    ('GP013', 'Eastwood Medical Center', 'MN34 5PQ'),
    ('GP014', 'Village Health Clinic', 'NO45 6QR'),
    ('GP015', 'Main Street GP', 'OP56 7RS'),
    ('GP016', 'Sunrise Clinic', 'PQ67 8ST'),
    ('GP017', 'HealthPlus Practice', 'QR78 9TU'),
    ('GP018', 'FamilyCare Medical', 'RS89 0UV'),
    ('GP019', 'Oakwood GP Practice', 'ST90 1WX'),
    ('GP020', 'Harmony Health Center', 'TU01 2XY');
-------------------------GPPractice End Here---------------------------------------------

-- Insert 240 records into the tblAdmission table
INSERT INTO tblAdmission (
    PatientID, 
    AdmissionDate, 
    DischargeDate, 
    SpecialtyCode, 
    WardCode, 
    MethodOfAdmissionCode,
    GPPracticeCode
) VALUES
    (1, '2014-01-05', '2014-01-12', 'ONC', 'W001', 'EMER', 'GP001'),
    (2, '2014-01-10', '2014-01-19', 'NEU', 'W002', 'ELEC', 'GP006'),
    (3, '2014-01-15', '2014-01-31', 'CAR', 'W003', 'EMER', 'GP001'),
    (4, '2014-01-20', '2014-01-26', 'GYN', 'W004', 'ELEC', 'GP012'),
    (5, '2014-01-25', '2014-01-26', 'ORTH', 'W005', 'EMER', 'GP008'),
    (6, '2014-02-01', '2014-02-09', 'DERM', 'W006', 'ELEC', 'GP012'),
    (7, '2014-02-07', '2014-02-19', 'ENT', 'W007', 'EMER', 'GP001'),
    (8, '2014-02-13', '2014-02-17', 'URO', 'W008', 'ELEC', 'GP012'),
    (9, '2014-02-19', '2014-02-28', 'ONC', 'W009', 'EMER', 'GP001'),
    (10, '2014-02-25', '2014-03-22', 'NEU', 'W010', 'ELEC', 'GP012'),
    (11, '2014-03-03', '2014-03-28', 'CAR', 'W011', 'GP', 'GP004'),
    (12, '2014-03-09', '2014-03-24', 'GYN', 'W012', 'ELEC', 'GP012'),
    (13, '2014-03-15', '2014-03-22', 'ORTH', 'W013', 'GP', 'GP009'),
    (14, '2014-03-21', '2014-03-27', 'DERM', 'W014', 'ELEC', 'GP012'),
    (15, '2014-03-27', '2014-04-09', 'ENT', 'W015', 'GP', 'GP004'),
    (16, '2014-04-02', '2014-04-09', 'URO', 'W016', 'ELEC', 'GP012'),
    (17, '2014-04-08', '2014-04-18', 'ONC', 'W017', 'GP', 'GP004'),
    (18, '2014-04-14', '2014-04-18', 'NEU', 'W018', 'ELEC', 'GP012'),
    (19, '2014-04-20', '2014-04-28', 'CAR', 'W019', 'GP', 'GP004'),
    (20, '2014-04-26', '2014-05-08', 'GYN', 'W020', 'ELEC', 'GP012'),
    (21, '2014-05-02', '2014-05-08', 'ORTH', 'W021', 'GP', 'GP004'),
    (22, '2014-05-08', '2014-05-15', 'DERM', 'W022', 'ELEC', 'GP012'),
    (23, '2014-05-14', '2014-05-23', 'ENT', 'W023', 'GP', 'GP004'),
    (24, '2014-05-20', '2014-05-26', 'URO', 'W024', 'ELEC', 'GP012'),
    (25, '2014-05-26', '2014-05-31', 'ONC', 'W025', 'GP', 'GP004'),
    (26, '2014-06-01', '2014-06-09', 'NEU', 'W026', 'ELEC', 'GP012'),
    (27, '2014-06-07', '2014-06-16', 'CAR', 'W027', 'EMER', 'GP001'),
    (28, '2014-06-13', '2014-06-19', 'GYN', 'W028', 'ELEC', 'GP012'),
    (29, '2014-06-19', '2014-06-27', 'ORTH', 'W029', 'EMER', 'GP015'),
    (30, '2014-06-25', '2014-06-30', 'DERM', 'W030', 'ELEC', 'GP012'),
    (31, '2014-07-01', '2014-07-27', 'ENT', 'W031', 'EMER', 'GP001'),
    (32, '2014-07-07', '2014-07-16', 'URO', 'W032', 'ELEC', 'GP012'),
    (33, '2014-07-13', '2014-07-19', 'ONC', 'W033', 'EMER', 'GP001'),
    (34, '2014-07-19', '2014-07-23', 'NEU', 'W034', 'ELEC', 'GP012'),
    (35, '2014-07-25', '2014-07-31', 'CAR', 'W035', 'EMER', 'GP001'),
    (36, '2014-08-01', '2014-08-08', 'GYN', 'W036', 'ELEC', 'GP012'),
    (37, '2014-08-07', '2014-08-14', 'ORTH', 'W037', 'EMER', 'GP001'),
    (38, '2014-08-13', '2014-08-16', 'DERM', 'W038', 'ELEC', 'GP012'),
    (39, '2014-08-19', '2014-08-20', 'ENT', 'W039', 'EMER', 'GP001'),
    (40, '2014-08-25', '2014-08-31', 'URO', 'W040', 'ELEC', 'GP012'),
    (41, '2014-09-01', '2014-09-15', 'ONC', 'W041', 'EMER', 'GP001'),
    (42, '2014-09-07', '2014-09-11', 'NEU', 'W042', 'ELEC', 'GP012'),
    (43, '2014-09-13', '2014-09-19', 'CAR', 'W043', 'EMER', 'GP001'),
    (44, '2014-09-19', '2014-09-26', 'GYN', 'W044', 'ELEC', 'GP012'),
    (45, '2014-09-25', '2014-09-30', 'ORTH', 'W045', 'EMER', 'GP001'),
    (46, '2014-10-01', '2014-10-07', 'DERM', 'W046', 'ELEC', 'GP012'),
    (47, '2014-10-07', '2014-10-13', 'ENT', 'W047', 'EMER', 'GP001'),
    (48, '2014-10-13', '2014-10-13', 'URO', 'W048', 'ELEC', 'GP012'),
    (49, '2014-10-19', '2014-10-19', 'ONC', 'W049', 'EMER', 'GP001'),
    (50, '2014-10-25', '2014-10-29', 'NEU', 'W050', 'ELEC', 'GP012'),
    (51, '2014-11-01', '2014-11-07', 'CAR', 'W001', 'EMER', 'GP001'),
    (52, '2014-11-07', '2014-11-19', 'GYN', 'W002', 'ELEC', 'GP012'),
    (53, '2014-11-13', '2014-11-30', 'ORTH', 'W003', 'EMER', 'GP001'),
    (54, '2014-11-19', '2014-11-30', 'DERM', 'W004', 'ELEC', 'GP012'),
    (55, '2014-11-25', '2014-11-28', 'ENT', 'W005', 'EMER', 'GP001'),
    (56, '2014-12-01', '2014-12-30', 'URO', 'W006', 'ELEC', 'GP012'),
    (57, '2014-12-07', '2014-12-15', 'ONC', 'W007', 'EMER', 'GP001'),
    (58, '2014-12-13', '2014-12-15', 'NEU', 'W008', 'ELEC', 'GP012'),
    (59, '2014-12-19', '2014-12-25', 'CAR', 'W009', 'EMER', 'GP001'),
    (60, '2014-12-25', '2014-12-31', 'GYN', 'W010', 'ELEC', 'GP012'),
    (61, '2015-01-01', '2015-01-02', 'ORTH', 'W011', 'EMER', 'GP001'),
    (62, '2015-01-07', '2015-01-11', 'DERM', 'W012', 'ELEC', 'GP012'),
    (63, '2015-01-13', '2015-01-17', 'ENT', 'W013', 'EMER', 'GP001'),
    (64, '2015-01-19', '2015-01-29', 'URO', 'W014', 'ELEC', 'GP012'),
    (65, '2015-01-25', '2015-01-30', 'ONC', 'W015', 'EMER', 'GP001'),
    (66, '2015-02-01', '2015-02-06', 'NEU', 'W016', 'ELEC', 'GP012'),
    (67, '2015-02-07', '2015-02-12', 'CAR', 'W017', 'EMER', 'GP001'),
    (68, '2015-02-13', '2015-02-18', 'GYN', 'W018', 'ELEC', 'GP012'),
    (69, '2015-02-19', '2015-02-24', 'ORTH', 'W019', 'EMER', 'GP001'),
    (70, '2015-02-25', '2015-03-02', 'DERM', 'W020', 'ELEC', 'GP012'),
    (71, '2015-03-03', '2015-03-08', 'ENT', 'W021', 'EMER', 'GP001'),
    (72, '2015-03-09', '2015-03-14', 'URO', 'W022', 'ELEC', 'GP012'),
    (73, '2015-03-15', '2015-03-20', 'ONC', 'W023', 'EMER', 'GP001'),
    (74, '2015-03-21', '2015-03-26', 'NEU', 'W024', 'ELEC', 'GP012'),
    (75, '2015-03-27', '2015-04-01', 'CAR', 'W025', 'EMER', 'GP001'),
    (76, '2015-04-02', '2015-04-07', 'GYN', 'W026', 'ELEC', 'GP012'),
    (77, '2015-04-08', '2015-04-13', 'ORTH', 'W027', 'EMER', 'GP001'),
    (78, '2015-04-14', '2015-04-19', 'DERM', 'W028', 'ELEC', 'GP012'),
    (79, '2015-04-20', '2015-04-25', 'ENT', 'W029', 'EMER', 'GP001'),
    (80, '2015-04-26', '2015-05-01', 'URO', 'W030', 'ELEC', 'GP012'),
    (81, '2015-05-02', '2015-05-07', 'ONC', 'W031', 'EMER', 'GP001'),
    (82, '2015-05-08', '2015-05-13', 'NEU', 'W032', 'ELEC', 'GP012'),
    (83, '2015-05-14', '2015-05-19', 'CAR', 'W033', 'EMER', 'GP001'),
    (84, '2015-05-20', '2015-05-25', 'GYN', 'W034', 'ELEC', 'GP012'),
    (85, '2015-05-26', '2015-05-31', 'ORTH', 'W035', 'EMER', 'GP001'),
    (86, '2015-06-01', '2015-06-06', 'DERM', 'W036', 'ELEC', 'GP012'),
    (87, '2015-06-07', '2015-06-12', 'ENT', 'W037', 'EMER', 'GP001'),
    (88, '2015-06-13', '2015-06-18', 'URO', 'W038', 'ELEC', 'GP012'),
    (89, '2015-06-19', '2015-06-27', 'ONC', 'W039', 'EMER', 'GP001'),
    (90, '2015-06-25', '2015-06-28', 'NEU', 'W040', 'ELEC', 'GP012'),
    (91, '2015-07-01', '2015-07-07', 'CAR', 'W041', 'EMER', 'GP001'),
    (92, '2015-07-07', '2015-07-10', 'GYN', 'W042', 'ELEC', 'GP012'),
    (93, '2015-07-13', '2015-07-18', 'ORTH', 'W043', 'EMER', 'GP001'),
    (94, '2015-07-19', '2015-07-24', 'DERM', 'W044', 'ELEC', 'GP012'),
    (95, '2015-07-25', '2015-07-30', 'ENT', 'W045', 'EMER', 'GP001'),
    (96, '2015-08-01', '2015-08-06', 'URO', 'W046', 'ELEC', 'GP012'),
    (97, '2015-08-07', '2015-08-12', 'ONC', 'W047', 'EMER', 'GP001'),
    (98, '2015-08-13', '2015-08-18', 'NEU', 'W048', 'ELEC', 'GP012'),
    (99, '2015-08-19', '2015-08-24', 'CAR', 'W049', 'EMER', 'GP001'),
    (100, '2015-08-25', '2015-08-30', 'GYN', 'W050', 'ELEC', 'GP012'),
    (101, '2015-09-01', '2015-09-06', 'ORTH', 'W001', 'EMER', 'GP001'),
    (102, '2015-09-07', '2015-09-12', 'DERM', 'W002', 'ELEC', 'GP012'),
    (103, '2015-09-13', '2015-09-18', 'ENT', 'W003', 'EMER', 'GP001'),
    (104, '2015-09-19', '2015-09-24', 'URO', 'W004', 'ELEC', 'GP012'),
    (105, '2015-09-25', '2015-09-30', 'ONC', 'W005', 'EMER', 'GP001'),
    (106, '2015-10-01', '2015-10-06', 'NEU', 'W006', 'ELEC', 'GP012'),
    (107, '2015-10-07', '2015-10-12', 'CAR', 'W007', 'EMER', 'GP001'),
    (108, '2015-10-13', '2015-10-18', 'GYN', 'W008', 'MAT', 'GP010'),
    (109, '2015-10-19', '2015-10-24', 'ORTH', 'W009', 'EMER', 'GP001'),
    (110, '2015-10-25', '2015-10-30', 'DERM', 'W010', 'MAT', 'GP010'),
    (111, '2015-11-01', '2015-11-06', 'ENT', 'W011', 'EMER', 'GP001'),
    (112, '2015-11-07', '2015-11-12', 'URO', 'W012', 'MAT', 'GP010'),
    (113, '2015-11-13', '2015-11-18', 'ONC', 'W013', 'EMER', 'GP001'),
    (114, '2015-11-19', '2015-11-24', 'NEU', 'W014', 'MAT', 'GP010'),
    (115, '2015-11-25', '2015-11-30', 'CAR', 'W015', 'GP', 'GP004'),
    (116, '2015-12-01', '2015-12-06', 'GYN', 'W016', 'MAT', 'GP010'),
    (117, '2015-12-07', '2015-12-12', 'ORTH', 'W017', 'GP', 'GP004'),
    (118, '2015-12-13', '2015-12-18', 'DERM', 'W018', 'MAT', 'GP010'),
    (119, '2015-12-19', '2015-12-24', 'ENT', 'W019', 'GP', 'GP004'),
    (120, '2015-12-25', '2015-12-30', 'URO', 'W020', 'ELEC', 'GP012'),
    (121, '2016-01-01', '2016-01-06', 'ONC', 'W021', 'GP', 'GP004'),
    (122, '2016-01-07', '2016-01-12', 'NEU', 'W022', 'ELEC', 'GP012'),
    (123, '2016-01-13', '2016-01-18', 'CAR', 'W023', 'GP', 'GP004'),
    (124, '2016-01-19', '2016-01-24', 'GYN', 'W024', 'ELEC', 'GP012'),
    (125, '2016-01-25', '2016-01-30', 'ORTH', 'W025', 'GP', 'GP004'),
    (126, '2016-02-01', '2016-02-06', 'DERM', 'W026', 'ELEC', 'GP012'),
    (127, '2016-02-07', '2016-02-12', 'ENT', 'W027', 'GP', 'GP004'),
    (128, '2016-02-13', '2016-02-18', 'URO', 'W028', 'ELEC', 'GP012'),
    (129, '2016-02-19', '2016-02-24', 'ONC', 'W029', 'GP', 'GP004'),
    (130, '2016-02-25', '2016-03-02', 'NEU', 'W030', 'ELEC', 'GP012'),
    (131, '2016-03-03', '2016-03-08', 'CAR', 'W031', 'GP', 'GP004'),
    (132, '2016-03-09', '2016-03-24', 'GYN', 'W032', 'ELEC', 'GP012'),
    (133, '2016-03-15', '2016-03-21', 'ORTH', 'W033', 'GP', 'GP004'),
    (134, '2016-03-21', '2016-03-26', 'DERM', 'W034', 'ELEC', 'GP012'),
    (135, '2016-03-27', '2016-04-01', 'ENT', 'W035', 'EMER', 'GP001'),
    (136, '2016-04-02', '2016-04-07', 'URO', 'W036', 'ELEC', 'GP012'),
    (137, '2016-04-08', '2016-04-13', 'ONC', 'W037', 'EMER', 'GP001'),
    (138, '2016-04-14', '2016-04-19', 'NEU', 'W038', 'ELEC', 'GP012'),
    (139, '2016-04-20', '2016-04-25', 'CAR', 'W039', 'EMER', 'GP001'),
    (140, '2016-04-26', '2016-05-01', 'GYN', 'W040', 'ELEC', 'GP012'),
    (141, '2016-05-02', '2016-05-07', 'ORTH', 'W041', 'EMER', 'GP001'),
    (142, '2016-05-08', '2016-05-13', 'DERM', 'W042', 'ELEC', 'GP012'),
    (143, '2016-05-14', '2016-05-19', 'ENT', 'W043', 'EMER', 'GP001'),
    (144, '2016-05-20', '2016-05-25', 'URO', 'W044', 'ELEC', 'GP012'),
    (145, '2016-05-26', '2016-05-31', 'ONC', 'W045', 'EMER', 'GP001'),
    (146, '2016-06-01', '2016-06-06', 'NEU', 'W046', 'ELEC', 'GP012'),
    (147, '2016-06-07', '2016-06-12', 'CAR', 'W047', 'EMER', 'GP001'),
    (148, '2016-06-13', '2016-06-18', 'GYN', 'W048', 'ELEC', 'GP012'),
    (149, '2016-06-19', '2016-06-24', 'ORTH', 'W049', 'EMER', 'GP001'),
    (150, '2016-06-25', '2016-06-30', 'DERM', 'W050', 'ELEC', 'GP012'),
    (151, '2016-07-01', '2016-07-06', 'ENT', 'W001', 'EMER', 'GP001'),
    (152, '2016-07-07', '2016-07-12', 'URO', 'W002', 'ELEC', 'GP012'),
    (153, '2016-07-13', '2016-07-18', 'ONC', 'W003', 'EMER', 'GP001'),
    (154, '2016-07-19', '2016-07-24', 'NEU', 'W004', 'ELEC', 'GP012'),
    (155, '2016-07-25', '2016-07-30', 'CAR', 'W005', 'EMER', 'GP001'),
    (156, '2016-08-01', '2016-08-06', 'GYN', 'W006', 'ELEC', 'GP012'),
    (157, '2016-08-07', '2016-08-12', 'ORTH', 'W007', 'EMER', 'GP001'),
    (158, '2016-08-13', '2016-08-18', 'DERM', 'W008', 'ELEC', 'GP012'),
    (159, '2016-08-19', '2016-08-24', 'ENT', 'W009', 'EMER', 'GP001'),
    (160, '2016-08-25', '2016-08-31', 'URO', 'W010', 'ELEC', 'GP012'),
    (161, '2016-09-01', '2016-09-06', 'ONC', 'W011', 'EMER', 'GP001'),
    (162, '2016-09-07', '2016-09-12', 'NEU', 'W012', 'ELEC', 'GP012'),
    (163, '2016-09-13', '2016-09-18', 'CAR', 'W013', 'EMER', 'GP001'),
    (164, '2016-09-19', '2016-09-24', 'GYN', 'W014', 'ELEC', 'GP012'),
    (165, '2016-09-25', '2016-09-30', 'ORTH', 'W015', 'MAT', 'GP010'),
    (166, '2016-10-01', '2016-10-06', 'DERM', 'W016', 'ELEC', 'GP012'),
    (167, '2016-10-07', '2016-10-12', 'ENT', 'W017', 'MAT', 'GP010'),
    (168, '2016-10-13', '2016-10-18', 'URO', 'W018', 'ELEC', 'GP012'),
    (169, '2016-10-19', '2016-10-24', 'ONC', 'W019', 'MAT', 'GP010'),
    (170, '2016-10-25', '2016-10-30', 'NEU', 'W020', 'ELEC', 'GP012'),
    (171, '2016-11-01', '2016-11-06', 'CAR', 'W021', 'MAT', 'GP010'),
    (172, '2016-11-07', '2016-11-12', 'GYN', 'W022', 'ELEC', 'GP012'),
    (173, '2016-11-13', '2016-11-18', 'ORTH', 'W023', 'MAT', 'GP010'),
    (174, '2016-11-19', '2016-11-24', 'DERM', 'W024', 'ELEC', 'GP012'),
    (175, '2016-11-25', '2016-11-30', 'ENT', 'W025', 'MAT', 'GP010'),
    (176, '2016-12-01', '2016-12-06', 'URO', 'W026', 'ELEC', 'GP012'),
    (177, '2016-12-07', '2016-12-12', 'ONC', 'W027', 'MAT', 'GP010'),
    (178, '2016-12-13', '2016-12-18', 'NEU', 'W028', 'ELEC', 'GP012'),
    (179, '2016-12-19', '2016-12-24', 'CAR', 'W029', 'EMER', 'GP001'),
    (180, '2016-12-25', '2016-12-30', 'GYN', 'W030', 'ELEC', 'GP012'),
    (181, '2015-01-01', '2015-01-06', 'ORTH', 'W031', 'EMER', 'GP001'),
    (182, '2015-01-07', '2015-01-12', 'DERM', 'W032', 'ELEC', 'GP012'),
    (183, '2015-01-13', '2015-01-18', 'ENT', 'W033', 'EMER', 'GP001'),
    (184, '2015-01-19', '2015-01-24', 'URO', 'W034', 'ELEC', 'GP012'),
    (185, '2015-01-25', '2015-01-31', 'ONC', 'W035', 'EMER', 'GP001'),
    (186, '2015-02-01', '2015-02-07', 'NEU', 'W036', 'ELEC', 'GP012'),
    (187, '2015-02-07', '2015-02-12', 'CAR', 'W037', 'EMER', 'GP001'),
    (188, '2016-02-13', '2016-02-19', 'GYN', 'W038', 'ELEC', 'GP012'),
    (189, '2016-02-19', '2016-02-26', 'ORTH', 'W039', 'EMER', 'GP001'),
    (190, '2016-02-25', '2016-03-02', 'DERM', 'W040', 'ELEC', 'GP012'),
    (191, '2016-03-03', '2016-03-08', 'ENT', 'W041', 'EMER', 'GP001'),
    (192, '2016-03-09', '2016-03-14', 'URO', 'W042', 'ELEC', 'GP012'),
    (193, '2016-03-15', '2016-03-20', 'ONC', 'W043', 'EMER', 'GP001'),
    (194, '2016-03-21', '2016-03-26', 'NEU', 'W044', 'ELEC', 'GP012'),
    (195, '2016-03-27', '2016-04-01', 'CAR', 'W045', 'EMER', 'GP001'),
    (196, '2016-04-02', '2016-04-07', 'GYN', 'W046', 'ELEC', 'GP012'),
    (197, '2016-04-08', '2016-04-13', 'ORTH', 'W047', 'EMER', 'GP001'),
    (198, '2016-04-14', '2016-04-19', 'DERM', 'W048', 'ELEC', 'GP012'),
    (199, '2016-04-20', '2016-04-25', 'ENT', 'W049', 'EMER', 'GP001'),
    (200, '2016-04-26', '2016-05-01', 'URO', 'W050', 'ELEC', 'GP012'),
    (1, '2014-05-02', '2014-05-07', 'ONC', 'W001', 'EMER', 'GP001'),
    (3, '2014-05-08', '2014-05-13', 'NEU', 'W002', 'ELEC', 'GP012'),
    (8, '2014-05-14', '2014-05-20', 'CAR', 'W003', 'EMER', 'GP001'),
    (2, '2014-05-20', '2014-05-27', 'GYN', 'W004', 'ELEC', 'GP006'),
    (10, '2014-05-26', '2014-05-31', 'ORTH', 'W005', 'EMER', 'GP001'),
    (11, '2014-06-01', '2014-06-16', 'DERM', 'W006', 'ELEC', 'GP012'),
    (20, '2014-06-07', '2014-06-22', 'ENT', 'W007', 'EMER', 'GP001'),
    (28, '2014-06-13', '2014-06-28', 'URO', 'W008', 'ELEC', 'GP012'),
    (29, '2014-06-19', '2014-06-24', 'ONC', 'W009', 'EMER', 'GP015'),
    (21, '2014-06-25', '2014-06-30', 'NEU', 'W010', 'ELEC', 'GP012'),
    (45, '2014-07-01', '2014-07-06', 'CAR', 'W011', 'EMER', 'GP001'),
    (32, '2014-07-07', '2014-07-12', 'GYN', 'W012', 'ELEC', 'GP012'),
    (88, '2014-07-13', '2014-07-18', 'ORTH', 'W013', 'EMER', 'GP001'),
    (123, '2014-07-19', '2014-07-24', 'DERM', 'W014', 'ELEC', 'GP012'),
    (2, '2014-07-25', '2014-07-30', 'ENT', 'W015', 'EMER', 'GP006'),
    (13, '2014-08-01', '2014-08-06', 'URO', 'W016', 'ELEC', 'GP009'),
    (166, '2014-08-07', '2014-08-12', 'ONC', 'W017', 'EMER', 'GP001'),
    (13, '2014-08-13', '2014-08-18', 'NEU', 'W018', 'ELEC', 'GP009'),
    (13, '2015-08-19', '2015-08-24', 'CAR', 'W019', 'EMER', 'GP009'),
    (13, '2015-08-25', '2015-08-30', 'GYN', 'W020', 'ELEC', 'GP009'),
    (4, '2015-09-01', '2015-09-06', 'ORTH', 'W021', 'EMER', 'GP001'),
    (5, '2015-09-07', '2015-09-12', 'DERM', 'W022', 'ELEC', 'GP008'),
    (1, '2015-09-13', '2015-09-18', 'ENT', 'W023', 'EMER', 'GP001'),
    (5, '2015-09-19', '2015-09-24', 'URO', 'W024', 'ELEC', 'GP008'),
    (4, '2015-09-25', '2015-09-30', 'ONC', 'W025', 'EMER', 'GP001'),
    (3, '2015-10-01', '2015-10-06', 'NEU', 'W026', 'ELEC', 'GP012'),
    (6, '2015-10-07', '2015-10-12', 'CAR', 'W027', 'EMER', 'GP001'),
    (7, '2015-10-13', '2015-10-18', 'GYN', 'W028', 'ELEC', 'GP012'),
    (8, '2015-10-19', '2015-10-24', 'ORTH', 'W029', 'EMER', 'GP001'),
    (2, '2015-10-25', '2015-10-30', 'DERM', 'W030', 'ELEC', 'GP006'),
    (9, '2015-11-01', '2015-11-06', 'ENT', 'W031', 'EMER', 'GP001'),
    (10, '2015-11-07', '2015-11-12', 'URO', 'W032', 'ELEC', 'GP012'),
    (111, '2015-11-13', '2015-11-18', 'ONC', 'W033', 'EMER', 'GP001'),
    (127, '2014-11-19', '2014-11-24', 'NEU', 'W034', 'ELEC', 'GP012'),
    (2, '2014-11-25', '2014-11-30', 'CAR', 'W035', 'EMER', 'GP006'),
    (48, '2014-12-01', '2014-12-06', 'GYN', 'W036', 'ELEC', 'GP012'),
    (54, '2014-12-07', '2014-12-12', 'ORTH', 'W037', 'GP', 'GP004'),
    (1, '2014-12-13', '2014-12-18', 'DERM', 'W038', 'ELEC', 'GP012'),
    (3, '2014-12-19', '2014-12-24', 'ENT', 'W039', 'GP', 'GP004'),
    (2, '2014-12-25', '2014-12-30', 'URO', 'W040', 'ELEC', 'GP006');
-------------------------Admission End Here---------------------------------------------


-- Insert 50 records into the tblDiagnosis table
INSERT INTO tblDiagnosis (
    DiagnosisCode, 
    DiagnosisDescription
) VALUES
    ('I10', 'Essential (primary) hypertension'),
    ('E11', 'Type 2 diabetes mellitus'),
    ('J45', 'Asthma'),
    ('I25', 'Chronic ischemic heart disease'),
    ('M54', 'Dorsalgia'),
    ('E66', 'Obesity'),
    ('F41', 'Other anxiety disorders'),
    ('J06', 'Acute upper respiratory infections'),
    ('I50', 'Heart failure'),
    ('N18', 'Chronic kidney disease'),
    ('M81', 'Osteoporosis without current pathological fracture'),
    ('K21', 'Gastro-esophageal reflux disease'),
    ('J44', 'Chronic obstructive pulmonary disease'),
    ('F32', 'Major depressive disorder, single episode'),
    ('L20', 'Atopic dermatitis'),
    ('I63', 'Cerebral infarction'),
    ('E78', 'Disorders of lipoprotein metabolism and other lipidemias'),
    ('M17', 'Osteoarthritis of knee'),
    ('G47', 'Sleep disorders'),
    ('K52', 'Other and unspecified noninfective gastroenteritis and colitis'),
    ('N39', 'Other disorders of urinary system'),
    ('J18', 'Pneumonia, organism unspecified'),
    ('F33', 'Major depressive disorder, recurrent'),
    ('G43', 'Migraine'),
    ('M79', 'Other and unspecified soft tissue disorders'),
    ('R51', 'Headache'),
    ('K04', 'Diseases of pulp and periapical tissues'),
    ('B34', 'Viral infection of unspecified site'),
    ('H52', 'Disorders of refraction and accommodation'),
    ('M25', 'Other joint disorder, not elsewhere classified'),
    ('R10', 'Abdominal and pelvic pain'),
    ('L30', 'Other and unspecified dermatitis'),
    ('I48', 'Atrial fibrillation and flutter'),
    ('N40', 'Benign prostatic hyperplasia'),
    ('J30', 'Vasomotor and allergic rhinitis'),
    ('E03', 'Other hypothyroidism'),
    ('M16', 'Osteoarthritis of hip'),
    ('K29', 'Gastritis and duodenitis'),
    ('F20', 'Schizophrenia'),
    ('I21', 'Acute myocardial infarction'),
    ('L40', 'Psoriasis'),
    ('J35', 'Chronic diseases of tonsils and adenoids'),
    ('N20', 'Calculus of kidney and ureter'),
    ('K59', 'Other functional intestinal disorders'),
    ('G40', 'Epilepsy and recurrent seizures'),
    ('M51', 'Thoracic, thoracolumbar, and lumbosacral intervertebral disc disorders'),
    ('E55', 'Vitamin D deficiency'),
    ('I73', 'Other peripheral vascular diseases'),
    ('N95', 'Menopausal and other perimenopausal disorders'),
    ('E27', 'Other disorders of adrenal gland');
-------------------------Diagnosis End Here---------------------------------------------

-- Insert 413 records into the tblPatientDiagnosis table
INSERT INTO tblPatientDiagnosis (
    DiagnosisCode, 
    AdmissionID
) VALUES
    ('I10', 1),
    ('I10', 2),
    ('I10', 3),
    ('I10', 4),
    ('I10', 5),
    ('I10', 6),
    ('I10', 7),
    ('I10', 8),
    ('I10', 9),
    ('I10', 10),
    ('I10', 11),
    ('I10', 12),
    ('I10', 13),
    ('I10', 14),
    ('I10', 15),
    ('I10', 16),
    ('I10', 17),
    ('I10', 18),
    ('I10', 19),
    ('E11', 20),
    ('E11', 21),
    ('E11', 22),
    ('E11', 23),
    ('E11', 24),
    ('E11', 25),
    ('E11', 26),
    ('E11', 27),
    ('E11', 28),
    ('E11', 29),
    ('E11', 30),
    ('E11', 31),
    ('E11', 32),
    ('E11', 33),
    ('J45', 34),
    ('J45', 35),
    ('J45', 36),
    ('J45', 37),
    ('J45', 38),
    ('J45', 39),
    ('J45', 40),
    ('J45', 41),
    ('J45', 42),
    ('J45', 43),
    ('J45', 44),
    ('J45',  45),
    ('J45', 46),
    ('J45', 47),
    ('J45', 48),
    ('I25', 49),
    ('I25', 50),
    ('I25', 51),
    ('I25', 52),
    ('I25', 53),
    ('I25', 54),
    ('I25', 55),
    ('I25', 56),
    ('I25', 57),
    ('M54', 58),
    ('M54', 59),
    ('M54', 60),
    ('M54', 61),
    ('M54', 62),
    ('M54', 63),
    ('E66', 64),
    ('E66', 65),
    ('E66', 66),
    ('E66', 67),
    ('E66', 68),
    ('E66', 69),
    ('E66', 70),
    ('E66', 71),
    ('E66', 72),
    ('E66', 73),
    ('E66', 74),
    ('E66', 75),
    ('E66', 76),
    ('E66', 77),
    ('E66', 78),
    ('E66', 79),
    ('F41', 80),
    ('J06', 81),
    ('J06', 82),
    ('J06', 83),
    ('J06', 84),
    ('J06', 85),
    ('J06', 86),
    ('J06', 87),
    ('J06', 88),
    ('I50', 89),
    ('I50', 90),
    ('I50', 91),
    ('I50', 92),
    ('I50', 93),
    ('I50', 94),
    ('I50', 95),
    ('I50', 96),
    ('I50', 97),
    ('I50', 98),
    ('I50', 99),
    ('N18', 100),
    ('N18', 101),
    ('N18', 102),
    ('N18', 103),
    ('N18', 104),
    ('N18', 105),
    ('N18', 106),
    ('N18', 107),
    ('N18', 108),
    ('N18', 109),
    ('L20', 110),
    ('L20', 111),
    ('L20', 112),
    ('L20', 113),
    ('L20', 114),
    ('L20', 115),
    ('L20', 116),
    ('L20', 117),
    ('L20', 118),
    ('L20', 119),
    ('G47', 120),
    ('G47', 121),
    ('G47', 122),
    ('G47', 123),
    ('G47', 124),
    ('G47', 125),
    ('G47', 126),
    ('G47', 127),
    ('G47', 128),
    ('G47', 129),
    ('G47', 130),
    ('G47', 131),
    ('G47', 132),
    ('G47', 133),
    ('G47', 134),
    ('G47', 135),
    ('G47', 136),
    ('G47', 137),
    ('G47', 138),
    ('G47', 139),
    ('G47', 140),
    ('G47', 141),
    ('G47', 142),
    ('G47', 143),
    ('G47', 144),
    ('G47', 145),
    ('G47', 146),
    ('G47', 147),
    ('G47', 148),
    ('G47', 149),
    ('G47', 150),
    ('G47', 151),
    ('G47', 152),
    ('G47', 153),
    ('G47', 154),
    ('G47', 155),
    ('G47', 156),
    ('G47', 157),
    ('G47', 158),
    ('G47', 159),
    ('G47', 160),
    ('G47', 161),
    ('G47', 162),
    ('G47', 163),
    ('G47', 164),
    ('G47', 165),
    ('G47', 166),
    ('G47', 167),
    ('G47', 168),
    ('G47', 169),
    ('G47', 170),
    ('G47', 171),
    ('G47', 172),
    ('G47', 173),
    ('G47', 174),
    ('G47', 175),
    ('G47', 176),
    ('G47', 177),
    ('G47', 178),
    ('G47', 179),
    ('G47', 180),
    ('G47', 181),
    ('G47', 182),
    ('G47', 183),
    ('G47', 184),
    ('G47', 185),
    ('G47', 186),
    ('G47', 187),
    ('G47', 188),
    ('G47', 189),
    ('G47', 190),
    ('G47', 191),
    ('G47', 192),
    ('G47', 193),
    ('G47', 194),
    ('G47', 195),
    ('G47', 196),
    ('G47', 197),
    ('G47', 198),
    ('G47', 199),
    ('R51', 200),
    ('R51', 201),
    ('R51', 202),
    ('R51', 203),
    ('R51', 204),
    ('R51', 205),
    ('R51', 206),
    ('R51', 207),
    ('R51', 208),
    ('R51', 209),
    ('E55', 210),
    ('E55', 211),
    ('E55', 212),
    ('E55', 213),
    ('E55', 214),
    ('E55', 215),
    ('E55', 216),
    ('E55', 217),
    ('E55', 218),
    ('E55', 219),
    ('E55', 220),
    ('E55', 221),
    ('E55', 222),
    ('E55', 223),
    ('E55', 224),
    ('E55', 225),
    ('E55', 226),
    ('E55', 227),
    ('E55', 228),
    ('E55', 229),
    ('E55', 230),
    ('E55', 231),
    ('E55', 232),
    ('E55', 233),
    ('E55', 234),
    ('E55', 235),
    ('E55', 236),
    ('E55', 237),
    ('E55', 238),
    ('E55', 239),
    ('E55', 240),
    ('E55', 141),
    ('E55', 142),
    ('E55', 143),
    ('E55', 144),
    ('E55', 145),
    ('E55', 146),
    ('E55', 147),
    ('E55', 148),
    ('E55', 149),
    ('E55', 150),
    ('E55', 151),
    ('E55', 152),
    ('E55', 153),
    ('E55', 154),
    ('E55', 155),
    ('E55', 156),
    ('E55', 157),
    ('E55', 158),
    ('E55', 159),
    ('E55', 160),
    ('E55', 61),
    ('E55', 62),
    ('E55', 63),
    ('E55', 64),
    ('E55', 65),
    ('E55', 66),
    ('E55', 67),
    ('E55', 68),
    ('E55', 69),
    ('E55', 70),
    ('E55', 71),
    ('E55', 72),
    ('E55', 73),
    ('E55', 74),
    ('E55', 75),
    ('E55', 76),
    ('E55', 77),
    ('E55', 78),
    ('E55', 79),
    ('E55', 80),
    ('E55', 81),
    ('E55', 82),
    ('E55', 83),
    ('E55', 84),
    ('E55', 85),
    ('E55', 86),
    ('E55', 87),
    ('E55', 88),
    ('E55', 89),
    ('E55', 90),
    ('E55', 91),
    ('E55', 92),
    ('E55', 93),
    ('E55', 94),
    ('E55', 95),
    ('E55', 96),
    ('E55', 97),
    ('E55', 98),
    ('E55', 99),
    ('G40', 10),
    ('G40', 1),
    ('G40', 2),
    ('G40', 3),
    ('G40', 4),
    ('G40', 5),
    ('G40', 6),
    ('G40', 7),
    ('G40', 8),
    ('G40', 9),
    ('R10', 100),
    ('R10', 11),
    ('R10', 212),
    ('R10', 213),
    ('R10', 214),
    ('R10', 215),
    ('R10', 216),
    ('R10', 217),
    ('R10', 218),
    ('R10', 219),
    ('J30', 220),
    ('J30', 221),
    ('J30', 222),
    ('J30', 223),
    ('J30', 224),
    ('J30', 225),
    ('J30', 226),
    ('J30', 227),
    ('J30', 228),
    ('J30', 229),
    ('F20', 230),
    ('F20', 231),
    ('F20', 232),
    ('F20', 233),
    ('F20', 234),
    ('F20', 235),
    ('F20', 236),
    ('F20', 237),
    ('F20', 238),
    ('F20', 239),
    ('R51', 240),
    ('R51', 41),
    ('R51', 42),
    ('R51', 43),
    ('R51', 44),
    ('R51', 45),
    ('R51', 46),
    ('R51', 47),
    ('R51', 48),
    ('R51', 49),
    ('R51', 50),
    ('R51', 51),
    ('R51', 52),
    ('R51', 53),
    ('R51', 54),
    ('R51', 55),
    ('R51', 56),
    ('R51', 57),
    ('R51', 58),
    ('R51', 59),
    ('R51', 60),
    ('R51', 61),
    ('R51', 62),
    ('R51', 63),
    ('R51', 64),
    ('R51', 65),
    ('R51', 66),
    ('R51', 67),
    ('R51', 68),
    ('R51', 69),
    ('R51', 70),
    ('R51', 71),
    ('R51', 72),
    ('R51', 73),
    ('R51', 74),
    ('R51', 75),
    ('R51', 176),
    ('R51', 177),
    ('R51', 178),
    ('R51', 179),
    ('R51', 180),
    ('R51', 181),
    ('R51', 182),
    ('R51', 183),
    ('R51', 184),
    ('R51', 185),
    ('R51', 186),
    ('R51', 187),
    ('R51', 188),
    ('R51', 189),
    ('R51', 190),
    ('R51', 191),
    ('R51', 192),
    ('R51', 193),
    ('R51', 194),
    ('R51', 195),
    ('R51', 196),
    ('R51', 197),
    ('R51', 198),
    ('B34', 199),
    ('J18', 100),
    ('J18', 101),
    ('J18', 102),
    ('J18', 103),
    ('J18', 104),
    ('I63', 105),
    ('G43', 106),
    ('M17', 107),
    ('G43', 108),
    ('G43', 109),
    ('M17', 110),
    ('I63', 111),
    ('F33', 112),
    ('M17', 113);
-------------------------Patient Diagnosis End Here---------------------------------------------

-- Insert 50 records into the tblGP table
INSERT INTO tblGP (
    GPCode, 
    GPName, 
    GPPracticeCode
) VALUES
    ('GPC001', 'Dr. John Smith', 'GP001'),
    ('GPC002', 'Dr. Emily Johnson', 'GP001'),
    ('GPC003', 'Dr. Michael Brown', 'GP002'),
    ('GPC004', 'Dr. Sarah Williams', 'GP002'),
    ('GPC005', 'Dr. David Jones', 'GP003'),
    ('GPC006', 'Dr. Laura Garcia', 'GP003'),
    ('GPC007', 'Dr. James Miller', 'GP004'),
    ('GPC008', 'Dr. Lisa Davis', 'GP004'),
    ('GPC009', 'Dr. Robert Wilson', 'GP005'),
    ('GPC010', 'Dr. Linda Martinez', 'GP005'),
    ('GPC011', 'Dr. William Anderson', 'GP006'),
    ('GPC012', 'Dr. Karen Taylor', 'GP006'),
    ('GPC013', 'Dr. Thomas Thomas', 'GP007'),
    ('GPC014', 'Dr. Patricia Thomas', 'GP007'),
    ('GPC015', 'Dr. Charles Harris', 'GP008'),
    ('GPC016', 'Dr. Nancy Lewis', 'GP008'),
    ('GPC017', 'Dr. Richard Clark', 'GP009'),
    ('GPC018', 'Dr. Susan Allen', 'GP009'),
    ('GPC019', 'Dr. Steven Walker', 'GP010'),
    ('GPC020', 'Dr. Jessica King', 'GP010'),
    ('GPC021', 'Dr. Daniel Wright', 'GP011'),
    ('GPC022', 'Dr. Barbara Scott', 'GP011'),
    ('GPC023', 'Dr. Joshua Green', 'GP012'),
    ('GPC024', 'Dr. Emily Adams', 'GP012'),
    ('GPC025', 'Dr. Brian Baker', 'GP013'),
    ('GPC026', 'Dr. Margaret Nelson', 'GP013'),
    ('GPC027', 'Dr. Kevin Carter', 'GP014'),
    ('GPC028', 'Dr. Donna Mitchell', 'GP014'),
    ('GPC029', 'Dr. Jason Phillips', 'GP015'),
    ('GPC030', 'Dr. Angela Roberts', 'GP015'),
    ('GPC031', 'Dr. Eric Evans', 'GP016'),
    ('GPC032', 'Dr. Karen Hall', 'GP016'),
    ('GPC033', 'Dr. Scott Turner', 'GP017'),
    ('GPC034', 'Dr. Laura Parker', 'GP017'),
    ('GPC035', 'Dr. Adam Young', 'GP018'),
    ('GPC036', 'Dr. Jennifer Hill', 'GP018'),
    ('GPC037', 'Dr. Ryan Green', 'GP019'),
    ('GPC038', 'Dr. Olivia Adams', 'GP019'),
    ('GPC039', 'Dr. Mark Phillips', 'GP020'),
    ('GPC040', 'Dr. Rachel Baker', 'GP020'),
    ('GPC041', 'Dr. Ethan Moore', 'GP001'),
    ('GPC042', 'Dr. Amanda Wright', 'GP001'),
    ('GPC043', 'Dr. Joshua Mitchell', 'GP002'),
    ('GPC044', 'Dr. Stephanie Clark', 'GP002'),
    ('GPC045', 'Dr. Matthew Lewis', 'GP003'),
    ('GPC046', 'Dr. Megan Martinez', 'GP003'),
    ('GPC047', 'Dr. Nathan Robinson', 'GP004'),
    ('GPC048', 'Dr. Rebecca Turner', 'GP004'),
    ('GPC049', 'Dr. Andrew Brown', 'GP005'),
    ('GPC050', 'Dr. Natalie Johnson', 'GP005');
-------------------------GP End Here---------------------------------------------

--------------------    UPDATE SOME ROWS    -------------------------
UPDATE tblAdmission SET 
    AdmissionDate = '2014-11-28', 
    DischargeDate = '2014-12-06', 
    SpecialtyCode = 'ENT', 
    MethodOfAdmissionCode = 'ELEC'
    WHERE AdmissionID = 30;

UPDATE tblAdmission SET 
    AdmissionDate = '2014-12-11', 
    DischargeDate = '2014-12-27', 
    SpecialtyCode = 'ENT', 
    MethodOfAdmissionCode = 'EMER'
    WHERE AdmissionID = 32;

UPDATE tblAdmission SET 
    AdmissionDate = '2015-06-16', 
    DischargeDate = '2015-06-21', 
    SpecialtyCode = 'INF', 
    MethodOfAdmissionCode = 'ELEC'
    WHERE AdmissionID = 87;

UPDATE tblAdmission SET 
    AdmissionDate = '2015-06-25', 
    DischargeDate = '2015-07-01', 
    SpecialtyCode = 'INF', 
    MethodOfAdmissionCode = 'EMER'
    WHERE AdmissionID = 94;
    
UPDATE tblAdmission SET 
    AdmissionDate = '2015-10-10', 
    DischargeDate = '2015-10-11', 
    SpecialtyCode = 'SUR', 
    MethodOfAdmissionCode = 'ELEC'
    WHERE AdmissionID = 121;
    
UPDATE tblAdmission SET 
    AdmissionDate = '2015-10-17', 
    DischargeDate = '2015-10-20', 
    SpecialtyCode = 'SUR', 
    MethodOfAdmissionCode = 'EMER'
    WHERE AdmissionID = 211;

UPDATE tblAdmission SET 
    SpecialtyCode = 'CAR', 
    MethodOfAdmissionCode = 'ELEC'
    WHERE AdmissionID = 28;
    
UPDATE tblAdmission SET 
    SpecialtyCode = 'CAR', 
    MethodOfAdmissionCode = 'EMER'
    WHERE AdmissionID = 93;

UPDATE tblAdmission SET 
    AdmissionDate = '2015-07-26', 
    DischargeDate = '2015-07-30', 
    SpecialtyCode = 'ORTH', 
    MethodOfAdmissionCode = 'ELEC'
    WHERE AdmissionID = 33;
    
UPDATE tblAdmission SET 
    AdmissionDate = '2015-08-04', 
    DischargeDate = '2015-08-11', 
    SpecialtyCode = 'ORTH', 
    MethodOfAdmissionCode = 'EMER'
    WHERE AdmissionID = 181;
    
UPDATE tblAdmission SET 
    AdmissionDate = '2015-10-17', 
    DischargeDate = '2015-10-20', 
    SpecialtyCode = 'SUR', 
    MethodOfAdmissionCode = 'EMER'
    WHERE AdmissionID = 213;

UPDATE tblAdmission SET 
    SpecialtyCode = 'RAD', 
    MethodOfAdmissionCode = 'ELEC'
    WHERE AdmissionID = 154;
    
UPDATE tblAdmission SET 
    AdmissionDate = '2014-06-25', 
    SpecialtyCode = 'RAD' 
    WHERE AdmissionID = 184;
--------------------Updates starts here-------------------------------------